Марка;Ссылка;Цена
Toyota Land Cruiser Prado 2020;https://auto.ria.com/newauto/auto-toyota-land-cruiser-prado-1849694.html;46 073 $
Toyota RAV4 2020;https://auto.ria.com/newauto/auto-toyota-rav4-1851487.html;31 220 $
Toyota Yaris 2020;https://auto.ria.com/newauto/auto-toyota-yaris-1851490.html;22 992 $
Toyota RAV4 2020;https://auto.ria.com/newauto/auto-toyota-rav4-1834545.html;26 449 $
Toyota RAV4 2020;https://auto.ria.com/newauto/auto-toyota-rav4-1851742.html;26 518 $
Toyota Land Cruiser 200 2020;https://auto.ria.com/newauto/auto-toyota-land-cruiser-200-1842467.html;85 177 $
Toyota Corolla 2020;https://auto.ria.com/newauto/auto-toyota-corolla-1843211.html;26 099 $
Toyota C-HR 2020;https://auto.ria.com/newauto/auto-toyota-c-hr-1850359.html;30 235 $
Toyota RAV4 2020;https://auto.ria.com/newauto/auto-toyota-rav4-1849197.html;34 106 $
Toyota Land Cruiser 200 2020;https://auto.ria.com/newauto/auto-toyota-land-cruiser-200-1850358.html;87 955 $
Toyota Land Cruiser 200 2020;https://auto.ria.com/newauto/auto-toyota-land-cruiser-200-1851942.html;65 022 $
Toyota RAV4 2020;https://auto.ria.com/newauto/auto-toyota-rav4-1849405.html;40 373 $
Toyota Sequoia 2020;https://auto.ria.com/newauto/auto-toyota-sequoia-1838687.html;94 000 $
Toyota RAV4 2020;https://auto.ria.com/newauto/auto-toyota-rav4-1850120.html;41 295 $
Toyota Land Cruiser 200 2020;https://auto.ria.com/newauto/auto-toyota-land-cruiser-200-1851832.html;68 639 $
Toyota Corolla 2020;https://auto.ria.com/newauto/auto-toyota-corolla-1839383.html;29 602 $
Toyota Sequoia 2020;https://auto.ria.com/newauto/auto-toyota-sequoia-1837973.html;94 000 $
Toyota Land Cruiser Prado 2020;https://auto.ria.com/newauto/auto-toyota-land-cruiser-prado-1851170.html;60 240 $
Toyota Sienna 2020;https://auto.ria.com/newauto/auto-toyota-sienna-1852010.html;59 999 $
Toyota Camry 2020;https://auto.ria.com/newauto/auto-toyota-camry-1849367.html;42 461 $
Toyota Land Cruiser Prado 2020;https://auto.ria.com/newauto/auto-toyota-land-cruiser-prado-1850711.html;51 839 $
Toyota Land Cruiser Prado 2020;https://auto.ria.com/newauto/auto-toyota-land-cruiser-prado-1851970.html;52 276 $
Toyota Land Cruiser 200 2020;https://auto.ria.com/newauto/auto-toyota-land-cruiser-200-1838586.html;257 260 $
Toyota Highlander 2020;https://auto.ria.com/newauto/auto-toyota-highlander-1850383.html;60 573 $
Toyota Highlander 2020;https://auto.ria.com/newauto/auto-toyota-highlander-1849598.html;49 964 $
Toyota Land Cruiser Prado 2020;https://auto.ria.com/newauto/auto-toyota-land-cruiser-prado-1851489.html;60 240 $
Toyota RAV4 2020;https://auto.ria.com/newauto/auto-toyota-rav4-1852290.html;32 807 $
Toyota Corolla 2020;https://auto.ria.com/newauto/auto-toyota-corolla-1846567.html;25 830 $
Toyota Yaris 2020;https://auto.ria.com/newauto/auto-toyota-yaris-1851532.html;22 644 $
Toyota Land Cruiser 200 2020;https://auto.ria.com/newauto/auto-toyota-land-cruiser-200-1836025.html;95 999 $
Toyota RAV4 2020;https://auto.ria.com/newauto/auto-toyota-rav4-1851574.html;24 265 $
Toyota Land Cruiser 200 2020;https://auto.ria.com/newauto/auto-toyota-land-cruiser-200-1839591.html;89 536 $
Toyota RAV4 2020;https://auto.ria.com/newauto/auto-toyota-rav4-1826053.html;44 081 $
Toyota Land Cruiser 200 2020;https://auto.ria.com/newauto/auto-toyota-land-cruiser-200-1840733.html;87 559 $
Toyota Highlander 2020;https://auto.ria.com/newauto/auto-toyota-highlander-1850034.html;60 898 $
Toyota Camry 2020;https://auto.ria.com/newauto/auto-toyota-camry-1847690.html;28 982 $
Toyota Camry 2020;https://auto.ria.com/newauto/auto-toyota-camry-1834693.html;31 924 $
Toyota RAV4 2020;https://auto.ria.com/newauto/auto-toyota-rav4-1851374.html;26 518 $
Toyota Highlander 2020;https://auto.ria.com/newauto/auto-toyota-highlander-1840307.html;60 573 $
Toyota Highlander 2020;https://auto.ria.com/newauto/auto-toyota-highlander-1840279.html;60 573 $
Toyota RAV4 2020;https://auto.ria.com/newauto/auto-toyota-rav4-1834562.html;26 160 $
Toyota Land Cruiser Prado 2020;https://auto.ria.com/newauto/auto-toyota-land-cruiser-prado-1849465.html;50 831 $
Toyota RAV4 2020;https://auto.ria.com/newauto/auto-toyota-rav4-1849461.html;42 361 $
Toyota Camry 2020;https://auto.ria.com/newauto/auto-toyota-camry-1837528.html;30 592 $
Toyota RAV4 2020;https://auto.ria.com/newauto/auto-toyota-rav4-1778536.html;30 987 $
Toyota RAV4 2020;https://auto.ria.com/newauto/auto-toyota-rav4-1845072.html;37 941 $
Toyota RAV4 2020;https://auto.ria.com/newauto/auto-toyota-rav4-1849448.html;24 814 $
Toyota RAV4 2020;https://auto.ria.com/newauto/auto-toyota-rav4-1837579.html;30 103 $
Toyota RAV4 2020;https://auto.ria.com/newauto/auto-toyota-rav4-1851493.html;24 265 $
Toyota RAV4 2020;https://auto.ria.com/newauto/auto-toyota-rav4-1778540.html;24 085 $
Toyota RAV4 2020;https://auto.ria.com/newauto/auto-toyota-rav4-1849262.html;42 433 $
Toyota RAV4 2020;https://auto.ria.com/newauto/auto-toyota-rav4-1850720.html;32 528 $
Toyota RAV4 2020;https://auto.ria.com/newauto/auto-toyota-rav4-1846501.html;35 299 $
Toyota RAV4 2020;https://auto.ria.com/newauto/auto-toyota-rav4-1851612.html;30 813 $
Toyota RAV4 2020;https://auto.ria.com/newauto/auto-toyota-rav4-1849452.html;42 367 $
Toyota Highlander 2020;https://auto.ria.com/newauto/auto-toyota-highlander-1849501.html;58 756 $
Toyota RAV4 2020;https://auto.ria.com/newauto/auto-toyota-rav4-1851379.html;24 265 $
Toyota RAV4 2020;https://auto.ria.com/newauto/auto-toyota-rav4-1850553.html;26 160 $
Toyota RAV4 2020;https://auto.ria.com/newauto/auto-toyota-rav4-1850514.html;45 733 $
Toyota Land Cruiser Prado 2020;https://auto.ria.com/newauto/auto-toyota-land-cruiser-prado-1850247.html;56 525 $
Toyota Land Cruiser 200 2020;https://auto.ria.com/newauto/auto-toyota-land-cruiser-200-1850566.html;83 522 $
Toyota RAV4 2020;https://auto.ria.com/newauto/auto-toyota-rav4-1833681.html;26 714 $
Toyota RAV4 2020;https://auto.ria.com/newauto/auto-toyota-rav4-1845954.html;24 814 $
Toyota Land Cruiser Prado 2020;https://auto.ria.com/newauto/auto-toyota-land-cruiser-prado-1850649.html;46 415 $
Toyota RAV4 2020;https://auto.ria.com/newauto/auto-toyota-rav4-1850185.html;36 529 $
Toyota Land Cruiser 200 2020;https://auto.ria.com/newauto/auto-toyota-land-cruiser-200-1838037.html;85 177 $
Toyota Corolla 2020;https://auto.ria.com/newauto/auto-toyota-corolla-1851071.html;18 607 $
Toyota RAV4 2020;https://auto.ria.com/newauto/auto-toyota-rav4-1852131.html;26 797 $
Toyota Yaris 2020;https://auto.ria.com/newauto/auto-toyota-yaris-1852133.html;22 823 $
Toyota Land Cruiser Prado 2020;https://auto.ria.com/newauto/auto-toyota-land-cruiser-prado-1851068.html;56 232 $
Toyota Land Cruiser 200 2020;https://auto.ria.com/newauto/auto-toyota-land-cruiser-200-1846189.html;88 566 $
Toyota Avalon 2020;https://auto.ria.com/newauto/auto-toyota-avalon-1835984.html;71 999 $
Toyota Land Cruiser Prado 2020;https://auto.ria.com/newauto/auto-toyota-land-cruiser-prado-1850128.html;46 073 $
Toyota Land Cruiser 200 2020;https://auto.ria.com/newauto/auto-toyota-land-cruiser-200-1851945.html;85 177 $
Toyota RAV4 2020;https://auto.ria.com/newauto/auto-toyota-rav4-1850190.html;41 473 $
Toyota C-HR 2020;https://auto.ria.com/newauto/auto-toyota-c-hr-1848478.html;29 360 $
Toyota Highlander 2020;https://auto.ria.com/newauto/auto-toyota-highlander-1851953.html;58 324 $
Toyota Yaris 2020;https://auto.ria.com/newauto/auto-toyota-yaris-1851297.html;21 947 $
Toyota Land Cruiser 200 2020;https://auto.ria.com/newauto/auto-toyota-land-cruiser-200-1837055.html;226 633 $
Toyota Land Cruiser 200 2020;https://auto.ria.com/newauto/auto-toyota-land-cruiser-200-1835910.html;94 999 $
Toyota RAV4 2020;https://auto.ria.com/newauto/auto-toyota-rav4-1850956.html;30 927 $
Toyota Land Cruiser 200 2020;https://auto.ria.com/newauto/auto-toyota-land-cruiser-200-1835971.html;94 999 $
Toyota RAV4 2020;https://auto.ria.com/newauto/auto-toyota-rav4-1849470.html;50 865 $
Toyota Yaris 2020;https://auto.ria.com/newauto/auto-toyota-yaris-1852351.html;23 374 $
Toyota Land Cruiser Prado 2020;https://auto.ria.com/newauto/auto-toyota-land-cruiser-prado-1852031.html;58 602 $
Toyota RAV4 2020;https://auto.ria.com/newauto/auto-toyota-rav4-1849568.html;41 295 $
Toyota Corolla 2020;https://auto.ria.com/newauto/auto-toyota-corolla-1849566.html;27 901 $
Toyota Corolla 2020;https://auto.ria.com/newauto/auto-toyota-corolla-1849565.html;25 735 $
Toyota Camry 2020;https://auto.ria.com/newauto/auto-toyota-camry-1836098.html;28 419 $
Toyota Highlander 2020;https://auto.ria.com/newauto/auto-toyota-highlander-1840282.html;57 190 $
Toyota Camry 2020;https://auto.ria.com/newauto/auto-toyota-camry-1837580.html;31 074 $
Toyota Corolla 2020;https://auto.ria.com/newauto/auto-toyota-corolla-1849479.html;26 287 $
Toyota Yaris 2020;https://auto.ria.com/newauto/auto-toyota-yaris-1851614.html;22 992 $
Toyota Highlander 2020;https://auto.ria.com/newauto/auto-toyota-highlander-1840178.html;60 573 $
Toyota Land Cruiser 200 2020;https://auto.ria.com/newauto/auto-toyota-land-cruiser-200-1840163.html;220 509 $
Toyota Sequoia 2020;https://auto.ria.com/newauto/auto-toyota-sequoia-1835985.html;104 999 $
Toyota Camry 2020;https://auto.ria.com/newauto/auto-toyota-camry-1839822.html;29 196 $
Toyota RAV4 2020;https://auto.ria.com/newauto/auto-toyota-rav4-1837495.html;41 748 $
Toyota RAV4 2020;https://auto.ria.com/newauto/auto-toyota-rav4-1846484.html;38 975 $
Toyota Land Cruiser 200 2021;https://auto.ria.com/newauto/auto-toyota-land-cruiser-200-1845198.html;165 990 $
Toyota Land Cruiser Prado 2020;https://auto.ria.com/newauto/auto-toyota-land-cruiser-prado-1834005.html;65 336 $
Toyota Land Cruiser 200 2020;https://auto.ria.com/newauto/auto-toyota-land-cruiser-200-1851063.html;87 559 $
Toyota RAV4 2020;https://auto.ria.com/newauto/auto-toyota-rav4-1851252.html;41 448 $
Toyota Highlander 2020;https://auto.ria.com/newauto/auto-toyota-highlander-1840207.html;60 419 $
Toyota Corolla 2020;https://auto.ria.com/newauto/auto-toyota-corolla-1847477.html;25 735 $
Toyota Land Cruiser 200 2020;https://auto.ria.com/newauto/auto-toyota-land-cruiser-200-1835911.html;94 999 $
Toyota RAV4 2020;https://auto.ria.com/newauto/auto-toyota-rav4-1851540.html;35 068 $
Toyota RAV4 2020;https://auto.ria.com/newauto/auto-toyota-rav4-1852471.html;41 295 $
Toyota Land Cruiser 200 2020;https://auto.ria.com/newauto/auto-toyota-land-cruiser-200-1851955.html;65 022 $
Toyota Land Cruiser 200 2020;https://auto.ria.com/newauto/auto-toyota-land-cruiser-200-1840775.html;64 835 $
Toyota Camry 2020;https://auto.ria.com/newauto/auto-toyota-camry-1840774.html;38 814 $
Toyota Corolla 2020;https://auto.ria.com/newauto/auto-toyota-corolla-1833473.html;19 848 $
Toyota Hilux 2020;https://auto.ria.com/newauto/auto-toyota-hilux-1844671.html;40 357 $
Toyota Highlander 2020;https://auto.ria.com/newauto/auto-toyota-highlander-1852341.html;58 324 $
Toyota Hilux 2020;https://auto.ria.com/newauto/auto-toyota-hilux-1839230.html;40 087 $
Toyota Yaris 2020;https://auto.ria.com/newauto/auto-toyota-yaris-1851761.html;22 823 $
Toyota Camry 2020;https://auto.ria.com/newauto/auto-toyota-camry-1851834.html;29 196 $
Toyota RAV4 2020;https://auto.ria.com/newauto/auto-toyota-rav4-1852349.html;45 713 $
Toyota Camry 2020;https://auto.ria.com/newauto/auto-toyota-camry-1851537.html;42 479 $
Toyota RAV4 2020;https://auto.ria.com/newauto/auto-toyota-rav4-1851711.html;33 929 $
Toyota Highlander 2020;https://auto.ria.com/newauto/auto-toyota-highlander-1833539.html;49 597 $
Toyota Corolla 2020;https://auto.ria.com/newauto/auto-toyota-corolla-1833476.html;23 799 $
Toyota Corolla 2020;https://auto.ria.com/newauto/auto-toyota-corolla-1852475.html;17 435 $
Toyota Corolla 2020;https://auto.ria.com/newauto/auto-toyota-corolla-1833472.html;20 052 $
Toyota RAV4 2020;https://auto.ria.com/newauto/auto-toyota-rav4-1850168.html;24 265 $
Toyota Camry 2020;https://auto.ria.com/newauto/auto-toyota-camry-1823978.html;30 098 $
Toyota RAV4 2020;https://auto.ria.com/newauto/auto-toyota-rav4-1828534.html;29 472 $
Toyota Camry 2020;https://auto.ria.com/newauto/auto-toyota-camry-1845078.html;29 273 $
Toyota RAV4 2020;https://auto.ria.com/newauto/auto-toyota-rav4-1849155.html;45 623 $
Toyota Land Cruiser Prado 2020;https://auto.ria.com/newauto/auto-toyota-land-cruiser-prado-1845073.html;50 950 $
Toyota Land Cruiser 200 2020;https://auto.ria.com/newauto/auto-toyota-land-cruiser-200-1722776.html;65 417 $
Toyota C-HR 2020;https://auto.ria.com/newauto/auto-toyota-c-hr-1848562.html;31 279 $
Toyota RAV4 2020;https://auto.ria.com/newauto/auto-toyota-rav4-1851394.html;41 295 $
Toyota RAV4 2020;https://auto.ria.com/newauto/auto-toyota-rav4-1833007.html;34 531 $
Toyota Highlander 2020;https://auto.ria.com/newauto/auto-toyota-highlander-1840025.html;57 455 $
Toyota RAV4 2020;https://auto.ria.com/newauto/auto-toyota-rav4-1851254.html;24 334 $
Toyota Land Cruiser Prado 2020;https://auto.ria.com/newauto/auto-toyota-land-cruiser-prado-1852347.html;49 055 $
Toyota Land Cruiser 200 2020;https://auto.ria.com/newauto/auto-toyota-land-cruiser-200-1817067.html;62 991 $
Toyota Highlander 2020;https://auto.ria.com/newauto/auto-toyota-highlander-1851927.html;57 190 $
Toyota RAV4 2020;https://auto.ria.com/newauto/auto-toyota-rav4-1833012.html;26 518 $
Toyota Land Cruiser 200 2020;https://auto.ria.com/newauto/auto-toyota-land-cruiser-200-1845065.html;63 253 $
Toyota Land Cruiser Prado 2020;https://auto.ria.com/newauto/auto-toyota-land-cruiser-prado-1836309.html;43 317 $
Toyota Land Cruiser 200 2020;https://auto.ria.com/newauto/auto-toyota-land-cruiser-200-1851648.html;85 700 $
Toyota RAV4 2020;https://auto.ria.com/newauto/auto-toyota-rav4-1839428.html;40 297 $
Toyota RAV4 2020;https://auto.ria.com/newauto/auto-toyota-rav4-1837849.html;29 346 $
Toyota Corolla 2020;https://auto.ria.com/newauto/auto-toyota-corolla-1819416.html;18 995 $
Toyota Land Cruiser Prado 2020;https://auto.ria.com/newauto/auto-toyota-land-cruiser-prado-1851703.html;56 525 $
Toyota Corolla 2020;https://auto.ria.com/newauto/auto-toyota-corolla-1851683.html;17 435 $
Toyota Yaris 2020;https://auto.ria.com/newauto/auto-toyota-yaris-1851654.html;22 823 $
Toyota Land Cruiser 200 2020;https://auto.ria.com/newauto/auto-toyota-land-cruiser-200-1852350.html;91 261 $
Toyota Land Cruiser 200 2020;https://auto.ria.com/newauto/auto-toyota-land-cruiser-200-1850726.html;87 449 $
Toyota RAV4 2020;https://auto.ria.com/newauto/auto-toyota-rav4-1846733.html;32 528 $
Toyota Land Cruiser Prado 2020;https://auto.ria.com/newauto/auto-toyota-land-cruiser-prado-1834351.html;46 467 $
Toyota Land Cruiser 200 2020;https://auto.ria.com/newauto/auto-toyota-land-cruiser-200-1851983.html;65 060 $
Toyota RAV4 2020;https://auto.ria.com/newauto/auto-toyota-rav4-1851156.html;42 370 $
Toyota Corolla 2020;https://auto.ria.com/newauto/auto-toyota-corolla-1849169.html;26 280 $
Toyota Highlander 2020;https://auto.ria.com/newauto/auto-toyota-highlander-1847803.html;48 391 $
Toyota Land Cruiser Prado 2020;https://auto.ria.com/newauto/auto-toyota-land-cruiser-prado-1848764.html;49 910 $
Toyota RAV4 2020;https://auto.ria.com/newauto/auto-toyota-rav4-1846394.html;40 188 $
Toyota Camry 2020;https://auto.ria.com/newauto/auto-toyota-camry-1836944.html;29 196 $
Toyota RAV4 2020;https://auto.ria.com/newauto/auto-toyota-rav4-1837802.html;29 472 $
Toyota Land Cruiser 200 2020;https://auto.ria.com/newauto/auto-toyota-land-cruiser-200-1849167.html;85 493 $
Toyota RAV4 2020;https://auto.ria.com/newauto/auto-toyota-rav4-1851577.html;48 422 $
Toyota RAV4 2020;https://auto.ria.com/newauto/auto-toyota-rav4-1851576.html;39 936 $
Toyota Land Cruiser Prado 2020;https://auto.ria.com/newauto/auto-toyota-land-cruiser-prado-1851959.html;58 635 $
Toyota C-HR 2020;https://auto.ria.com/newauto/auto-toyota-c-hr-1851361.html;35 190 $
Toyota Land Cruiser Prado 2020;https://auto.ria.com/newauto/auto-toyota-land-cruiser-prado-1852103.html;53 671 $
Toyota Corolla 2020;https://auto.ria.com/newauto/auto-toyota-corolla-1833478.html;28 525 $
Toyota RAV4 2020;https://auto.ria.com/newauto/auto-toyota-rav4-1848041.html;26 518 $
Toyota RAV4 2020;https://auto.ria.com/newauto/auto-toyota-rav4-1846395.html;43 494 $
Toyota Corolla 2020;https://auto.ria.com/newauto/auto-toyota-corolla-1834314.html;27 467 $
Toyota Highlander 2020;https://auto.ria.com/newauto/auto-toyota-highlander-1851159.html;49 964 $
Toyota RAV4 2020;https://auto.ria.com/newauto/auto-toyota-rav4-1833528.html;35 970 $
Toyota Corolla 2020;https://auto.ria.com/newauto/auto-toyota-corolla-1851616.html;18 727 $
Toyota Corolla 2020;https://auto.ria.com/newauto/auto-toyota-corolla-1847905.html;27 935 $
Toyota Corolla 2020;https://auto.ria.com/newauto/auto-toyota-corolla-1833477.html;26 448 $
Toyota Land Cruiser 200 2020;https://auto.ria.com/newauto/auto-toyota-land-cruiser-200-1840776.html;86 915 $
Toyota RAV4 2020;https://auto.ria.com/newauto/auto-toyota-rav4-1833526.html;30 292 $
Toyota RAV4 2020;https://auto.ria.com/newauto/auto-toyota-rav4-1833527.html;33 310 $
Toyota RAV4 2020;https://auto.ria.com/newauto/auto-toyota-rav4-1851162.html;24 265 $
Toyota RAV4 2020;https://auto.ria.com/newauto/auto-toyota-rav4-1833529.html;39 901 $
Toyota Land Cruiser Prado 2020;https://auto.ria.com/newauto/auto-toyota-land-cruiser-prado-1851615.html;47 589 $
Toyota Land Cruiser 200 2020;https://auto.ria.com/newauto/auto-toyota-land-cruiser-200-1852043.html;69 177 $
Toyota RAV4 2020;https://auto.ria.com/newauto/auto-toyota-rav4-1851836.html;34 506 $
Toyota Hilux 2020;https://auto.ria.com/newauto/auto-toyota-hilux-1843176.html;41 911 $
Toyota RAV4 2020;https://auto.ria.com/newauto/auto-toyota-rav4-1851835.html;29 971 $
Toyota Highlander 2020;https://auto.ria.com/newauto/auto-toyota-highlander-1851291.html;48 287 $
Toyota RAV4 2020;https://auto.ria.com/newauto/auto-toyota-rav4-1846392.html;46 306 $
Toyota RAV4 2020;https://auto.ria.com/newauto/auto-toyota-rav4-1823955.html;31 287 $
Toyota RAV4 2020;https://auto.ria.com/newauto/auto-toyota-rav4-1846396.html;45 127 $
Toyota Land Cruiser Prado 2020;https://auto.ria.com/newauto/auto-toyota-land-cruiser-prado-1834349.html;57 373 $
Toyota RAV4 2020;https://auto.ria.com/newauto/auto-toyota-rav4-1823959.html;36 760 $
Toyota C-HR 2020;https://auto.ria.com/newauto/auto-toyota-c-hr-1834334.html;32 023 $
Toyota Corolla 2020;https://auto.ria.com/newauto/auto-toyota-corolla-1834312.html;24 715 $
Toyota Corolla 2020;https://auto.ria.com/newauto/auto-toyota-corolla-1834315.html;29 624 $
Toyota RAV4 2020;https://auto.ria.com/newauto/auto-toyota-rav4-1833994.html;28 553 $
Toyota RAV4 2020;https://auto.ria.com/newauto/auto-toyota-rav4-1839430.html;40 019 $
Toyota Land Cruiser Prado 2020;https://auto.ria.com/newauto/auto-toyota-land-cruiser-prado-1834348.html;53 241 $
Toyota RAV4 2020;https://auto.ria.com/newauto/auto-toyota-rav4-1849251.html;43 675 $
Toyota Land Cruiser 200 2020;https://auto.ria.com/newauto/auto-toyota-land-cruiser-200-1846402.html;90 263 $
Toyota RAV4 2020;https://auto.ria.com/newauto/auto-toyota-rav4-1849445.html;36 039 $
Toyota RAV4 2020;https://auto.ria.com/newauto/auto-toyota-rav4-1823957.html;34 593 $
Toyota Highlander 2020;https://auto.ria.com/newauto/auto-toyota-highlander-1846732.html;58 324 $
Toyota RAV4 2020;https://auto.ria.com/newauto/auto-toyota-rav4-1846398.html;44 754 $
Toyota Yaris 2020;https://auto.ria.com/newauto/auto-toyota-yaris-1852016.html;22 908 $
Toyota C-HR 2020;https://auto.ria.com/newauto/auto-toyota-c-hr-1852370.html;27 261 $
Toyota RAV4 2020;https://auto.ria.com/newauto/auto-toyota-rav4-1833525.html;27 050 $
Toyota Highlander 2020;https://auto.ria.com/newauto/auto-toyota-highlander-1833540.html;60 127 $
Toyota Yaris 2020;https://auto.ria.com/newauto/auto-toyota-yaris-1852241.html;22 908 $
Toyota C-HR 2020;https://auto.ria.com/newauto/auto-toyota-c-hr-1833515.html;30 583 $
Toyota RAV4 2020;https://auto.ria.com/newauto/auto-toyota-rav4-1852472.html;44 996 $
Toyota Land Cruiser Prado 2020;https://auto.ria.com/newauto/auto-toyota-land-cruiser-prado-1833548.html;51 417 $
Toyota C-HR 2020;https://auto.ria.com/newauto/auto-toyota-c-hr-1833519.html;30 835 $
Toyota C-HR 2020;https://auto.ria.com/newauto/auto-toyota-c-hr-1833520.html;32 728 $
Toyota Land Cruiser Prado 2020;https://auto.ria.com/newauto/auto-toyota-land-cruiser-prado-1834353.html;54 803 $
Toyota Corolla 2020;https://auto.ria.com/newauto/auto-toyota-corolla-1834307.html;19 182 $
Toyota RAV4 2020;https://auto.ria.com/newauto/auto-toyota-rav4-1834343.html;40 450 $
Toyota Hilux 2020;https://auto.ria.com/newauto/auto-toyota-hilux-1843178.html;49 491 $
Toyota Yaris 2020;https://auto.ria.com/newauto/auto-toyota-yaris-1850608.html;24 675 $
Toyota C-HR 2020;https://auto.ria.com/newauto/auto-toyota-c-hr-1834332.html;37 789 $
Toyota Land Cruiser Prado 2019;https://auto.ria.com/newauto/auto-toyota-land-cruiser-prado-1836307.html;65 615 $
Toyota Corolla 2020;https://auto.ria.com/newauto/auto-toyota-corolla-1843561.html;25 735 $
Toyota Yaris 2020;https://auto.ria.com/newauto/auto-toyota-yaris-1850563.html;22 377 $
Toyota Hilux 2020;https://auto.ria.com/newauto/auto-toyota-hilux-1770923.html;50 681 $
Toyota Land Cruiser Prado 2020;https://auto.ria.com/newauto/auto-toyota-land-cruiser-prado-1851383.html;55 818 $
Toyota RAV4 2020;https://auto.ria.com/newauto/auto-toyota-rav4-1834342.html;38 283 $
Toyota Land Cruiser 200 2020;https://auto.ria.com/newauto/auto-toyota-land-cruiser-200-1837054.html;245 009 $
Toyota Yaris 2020;https://auto.ria.com/newauto/auto-toyota-yaris-1850565.html;23 244 $
Toyota Land Cruiser Prado 2020;https://auto.ria.com/newauto/auto-toyota-land-cruiser-prado-1834354.html;61 506 $
Toyota Hilux 2020;https://auto.ria.com/newauto/auto-toyota-hilux-1797852.html;51 426 $
Toyota Camry 2020;https://auto.ria.com/newauto/auto-toyota-camry-1830464.html;35 178 $
Toyota C-HR 2020;https://auto.ria.com/newauto/auto-toyota-c-hr-1823991.html;34 251 $
Toyota Highlander 2020;https://auto.ria.com/newauto/auto-toyota-highlander-1840063.html;51 507 $
Toyota RAV4 2020;https://auto.ria.com/newauto/auto-toyota-rav4-1846397.html;40 369 $
Toyota Corolla 2020;https://auto.ria.com/newauto/auto-toyota-corolla-1834308.html;20 825 $
Toyota Land Cruiser 200 2020;https://auto.ria.com/newauto/auto-toyota-land-cruiser-200-1849195.html;68 334 $
Toyota Land Cruiser 200 2020;https://auto.ria.com/newauto/auto-toyota-land-cruiser-200-1843562.html;63 253 $
Toyota C-HR 2020;https://auto.ria.com/newauto/auto-toyota-c-hr-1834326.html;29 110 $
Toyota Land Cruiser 200 2020;https://auto.ria.com/newauto/auto-toyota-land-cruiser-200-1846403.html;67 231 $
Toyota Camry 2020;https://auto.ria.com/newauto/auto-toyota-camry-1823982.html;32 910 $
Toyota RAV4 2020;https://auto.ria.com/newauto/auto-toyota-rav4-1834340.html;37 154 $
Toyota Land Cruiser Prado 2020;https://auto.ria.com/newauto/auto-toyota-land-cruiser-prado-1808001.html;47 848 $
Toyota Camry 2020;https://auto.ria.com/newauto/auto-toyota-camry-1843170.html;40 309 $
Toyota Land Cruiser 200 2020;https://auto.ria.com/newauto/auto-toyota-land-cruiser-200-1840068.html;67 332 $
Toyota Hilux 2020;https://auto.ria.com/newauto/auto-toyota-hilux-1839229.html;35 299 $
Toyota Land Cruiser 200 2020;https://auto.ria.com/newauto/auto-toyota-land-cruiser-200-1850558.html;69 146 $
Toyota RAV4 2020;https://auto.ria.com/newauto/auto-toyota-rav4-1807999.html;41 437 $
Toyota Corolla 2020;https://auto.ria.com/newauto/auto-toyota-corolla-1834309.html;20 613 $
Toyota RAV4 2020;https://auto.ria.com/newauto/auto-toyota-rav4-1848488.html;30 991 $
Toyota Land Cruiser Prado 2020;https://auto.ria.com/newauto/auto-toyota-land-cruiser-prado-1852081.html;50 922 $
Toyota RAV4 2020;https://auto.ria.com/newauto/auto-toyota-rav4-1834339.html;34 976 $
Toyota RAV4 2020;https://auto.ria.com/newauto/auto-toyota-rav4-1778539.html;40 153 $
Toyota Corolla 2020;https://auto.ria.com/newauto/auto-toyota-corolla-1851579.html;27 460 $
Toyota Camry 2020;https://auto.ria.com/newauto/auto-toyota-camry-1777540.html;42 479 $
Toyota RAV4 2020;https://auto.ria.com/newauto/auto-toyota-rav4-1844580.html;50 859 $
Toyota C-HR 2020;https://auto.ria.com/newauto/auto-toyota-c-hr-1851656.html;26 872 $
Toyota Camry 2020;https://auto.ria.com/newauto/auto-toyota-camry-1851360.html;36 692 $
Toyota Corolla 2020;https://auto.ria.com/newauto/auto-toyota-corolla-1851655.html;25 908 $
Toyota Camry 2020;https://auto.ria.com/newauto/auto-toyota-camry-1833491.html;35 921 $
Toyota Highlander 2020;https://auto.ria.com/newauto/auto-toyota-highlander-1852231.html;58 540 $
Toyota Corolla 2020;https://auto.ria.com/newauto/auto-toyota-corolla-1842517.html;26 311 $
Toyota Land Cruiser Prado 2020;https://auto.ria.com/newauto/auto-toyota-land-cruiser-prado-1833545.html;44 992 $
Toyota Camry 2020;https://auto.ria.com/newauto/auto-toyota-camry-1833493.html;40 046 $
Toyota Corolla 2020;https://auto.ria.com/newauto/auto-toyota-corolla-1849196.html;27 934 $
Toyota Camry 2020;https://auto.ria.com/newauto/auto-toyota-camry-1833488.html;31 689 $
Toyota RAV4 2020;https://auto.ria.com/newauto/auto-toyota-rav4-1851154.html;36 529 $
Toyota Land Cruiser Prado 2020;https://auto.ria.com/newauto/auto-toyota-land-cruiser-prado-1851651.html;46 073 $
Toyota Highlander 2020;https://auto.ria.com/newauto/auto-toyota-highlander-1846533.html;58 324 $
Toyota Highlander 2020;https://auto.ria.com/newauto/auto-toyota-highlander-1850727.html;61 479 $
Toyota Land Cruiser 200 2020;https://auto.ria.com/newauto/auto-toyota-land-cruiser-200-1852369.html;88 507 $
Toyota Camry 2020;https://auto.ria.com/newauto/auto-toyota-camry-1851673.html;36 346 $
Toyota Corolla 2020;https://auto.ria.com/newauto/auto-toyota-corolla-1851151.html;27 006 $
Toyota Land Cruiser Prado 2020;https://auto.ria.com/newauto/auto-toyota-land-cruiser-prado-1833544.html;44 992 $
Toyota Camry 2020;https://auto.ria.com/newauto/auto-toyota-camry-1851157.html;42 479 $
Toyota Land Cruiser 200 2020;https://auto.ria.com/newauto/auto-toyota-land-cruiser-200-1817066.html;66 582 $
Toyota Corolla 2020;https://auto.ria.com/newauto/auto-toyota-corolla-1833471.html;17 435 $
Toyota Camry 2020;https://auto.ria.com/newauto/auto-toyota-camry-1839413.html;35 223 $
Toyota RAV4 2020;https://auto.ria.com/newauto/auto-toyota-rav4-1848081.html;30 180 $
Toyota C-HR 2020;https://auto.ria.com/newauto/auto-toyota-c-hr-1833510.html;27 778 $
Toyota Hilux 2020;https://auto.ria.com/newauto/auto-toyota-hilux-1844672.html;38 600 $
Toyota Land Cruiser Prado 2020;https://auto.ria.com/newauto/auto-toyota-land-cruiser-prado-1833549.html;48 432 $
Toyota Corolla 2020;https://auto.ria.com/newauto/auto-toyota-corolla-1848056.html;26 708 $
Toyota RAV4 2020;https://auto.ria.com/newauto/auto-toyota-rav4-1845058.html;53 300 $
Toyota Camry 2020;https://auto.ria.com/newauto/auto-toyota-camry-1833489.html;33 873 $
Toyota Camry 2020;https://auto.ria.com/newauto/auto-toyota-camry-1833486.html;28 982 $
Toyota Highlander 2020;https://auto.ria.com/newauto/auto-toyota-highlander-1852346.html;62 316 $
Toyota RAV4 2020;https://auto.ria.com/newauto/auto-toyota-rav4-1850721.html;41 295 $
Toyota RAV4 2020;https://auto.ria.com/newauto/auto-toyota-rav4-1824693.html;38 696 $
Toyota Land Cruiser Prado 2020;https://auto.ria.com/newauto/auto-toyota-land-cruiser-prado-1847691.html;45 713 $
Toyota Land Cruiser Prado 2020;https://auto.ria.com/newauto/auto-toyota-land-cruiser-prado-1834350.html;68 461 $
Toyota Land Cruiser Prado 2020;https://auto.ria.com/newauto/auto-toyota-land-cruiser-prado-1836305.html;49 648 $
Toyota RAV4 2020;https://auto.ria.com/newauto/auto-toyota-rav4-1841463.html;30 516 $
Toyota Land Cruiser Prado 2020;https://auto.ria.com/newauto/auto-toyota-land-cruiser-prado-1852348.html;56 480 $
Toyota RAV4 2020;https://auto.ria.com/newauto/auto-toyota-rav4-1845069.html;32 528 $
Toyota Camry 2020;https://auto.ria.com/newauto/auto-toyota-camry-1845077.html;31 689 $
Toyota Land Cruiser Prado 2020;https://auto.ria.com/newauto/auto-toyota-land-cruiser-prado-1840208.html;45 713 $
Toyota RAV4 2020;https://auto.ria.com/newauto/auto-toyota-rav4-1849450.html;42 947 $
Toyota Land Cruiser Prado 2020;https://auto.ria.com/newauto/auto-toyota-land-cruiser-prado-1848553.html;66 987 $
Toyota Land Cruiser Prado 2020;https://auto.ria.com/newauto/auto-toyota-land-cruiser-prado-1849442.html;50 950 $
Toyota Corolla 2020;https://auto.ria.com/newauto/auto-toyota-corolla-1833010.html;18 995 $
Toyota RAV4 2020;https://auto.ria.com/newauto/auto-toyota-rav4-1850723.html;34 531 $
Toyota Corolla 2020;https://auto.ria.com/newauto/auto-toyota-corolla-1845075.html;18 995 $
Toyota Land Cruiser 200 2020;https://auto.ria.com/newauto/auto-toyota-land-cruiser-200-1847124.html;85 177 $
Toyota Land Cruiser 200 2020;https://auto.ria.com/newauto/auto-toyota-land-cruiser-200-1852343.html;85 700 $
Toyota Camry 2020;https://auto.ria.com/newauto/auto-toyota-camry-1849529.html;42 170 $
Toyota RAV4 2020;https://auto.ria.com/newauto/auto-toyota-rav4-1849672.html;36 333 $
Toyota RAV4 2020;https://auto.ria.com/newauto/auto-toyota-rav4-1848559.html;43 521 $
Toyota Camry 2020;https://auto.ria.com/newauto/auto-toyota-camry-1849142.html;35 921 $
Toyota Camry 2020;https://auto.ria.com/newauto/auto-toyota-camry-1840210.html;28 982 $
Toyota Camry 2020;https://auto.ria.com/newauto/auto-toyota-camry-1849198.html;43 775 $
Toyota RAV4 2020;https://auto.ria.com/newauto/auto-toyota-rav4-1845070.html;32 528 $
Toyota RAV4 2020;https://auto.ria.com/newauto/auto-toyota-rav4-1848586.html;41 626 $
Toyota Camry 2020;https://auto.ria.com/newauto/auto-toyota-camry-1841466.html;32 218 $
Toyota Camry 2020;https://auto.ria.com/newauto/auto-toyota-camry-1838263.html;29 490 $
Toyota Camry 2020;https://auto.ria.com/newauto/auto-toyota-camry-1850725.html;35 921 $
Toyota RAV4 2020;https://auto.ria.com/newauto/auto-toyota-rav4-1849170.html;32 904 $
Toyota RAV4 2020;https://auto.ria.com/newauto/auto-toyota-rav4-1807997.html;26 217 $
Toyota Highlander 2020;https://auto.ria.com/newauto/auto-toyota-highlander-1840064.html;62 443 $
Toyota RAV4 2020;https://auto.ria.com/newauto/auto-toyota-rav4-1850724.html;47 411 $
Toyota Yaris 2020;https://auto.ria.com/newauto/auto-toyota-yaris-1851388.html;23 070 $
Toyota Camry 2020;https://auto.ria.com/newauto/auto-toyota-camry-1835864.html;30 281 $
Toyota RAV4 2020;https://auto.ria.com/newauto/auto-toyota-rav4-1842699.html;40 205 $
Toyota Camry 2020;https://auto.ria.com/newauto/auto-toyota-camry-1833458.html;40 343 $
Toyota Land Cruiser Prado 2020;https://auto.ria.com/newauto/auto-toyota-land-cruiser-prado-1851498.html;56 232 $
Toyota Camry 2020;https://auto.ria.com/newauto/auto-toyota-camry-1834324.html;41 589 $
Toyota Camry 2020;https://auto.ria.com/newauto/auto-toyota-camry-1834323.html;37 305 $
Toyota Yaris 2020;https://auto.ria.com/newauto/auto-toyota-yaris-1851528.html;22 644 $
Toyota Corolla 2020;https://auto.ria.com/newauto/auto-toyota-corolla-1797843.html;17 435 $
Toyota Highlander 2020;https://auto.ria.com/newauto/auto-toyota-highlander-1848557.html;49 964 $
Toyota Land Cruiser Prado 2020;https://auto.ria.com/newauto/auto-toyota-land-cruiser-prado-1846399.html;61 436 $
Toyota Corolla 2020;https://auto.ria.com/newauto/auto-toyota-corolla-1847978.html;25 735 $
Toyota Camry 2020;https://auto.ria.com/newauto/auto-toyota-camry-1834716.html;30 281 $
Toyota Yaris 2020;https://auto.ria.com/newauto/auto-toyota-yaris-1851386.html;22 644 $
Toyota Camry 2020;https://auto.ria.com/newauto/auto-toyota-camry-1837666.html;28 982 $
Toyota Land Cruiser 200 2020;https://auto.ria.com/newauto/auto-toyota-land-cruiser-200-1852255.html;64 738 $
Toyota Land Cruiser Prado 2020;https://auto.ria.com/newauto/auto-toyota-land-cruiser-prado-1852263.html;55 245 $
Toyota RAV4 2020;https://auto.ria.com/newauto/auto-toyota-rav4-1849202.html;27 150 $
Toyota Yaris 2020;https://auto.ria.com/newauto/auto-toyota-yaris-1850800.html;24 493 $
Toyota Land Cruiser Prado 2020;https://auto.ria.com/newauto/auto-toyota-land-cruiser-prado-1852083.html;44 909 $
Toyota Land Cruiser 200 2020;https://auto.ria.com/newauto/auto-toyota-land-cruiser-200-1834355.html;63 224 $
Toyota Land Cruiser Prado 2020;https://auto.ria.com/newauto/auto-toyota-land-cruiser-prado-1852268.html;59 225 $
Toyota RAV4 2020;https://auto.ria.com/newauto/auto-toyota-rav4-1852261.html;39 901 $
Toyota RAV4 2020;https://auto.ria.com/newauto/auto-toyota-rav4-1852260.html;35 397 $
Toyota C-HR 2020;https://auto.ria.com/newauto/auto-toyota-c-hr-1852253.html;32 980 $
Toyota RAV4 2020;https://auto.ria.com/newauto/auto-toyota-rav4-1852258.html;30 127 $
Toyota C-HR 2020;https://auto.ria.com/newauto/auto-toyota-c-hr-1807990.html;33 102 $
Toyota Corolla 2020;https://auto.ria.com/newauto/auto-toyota-corolla-1797847.html;26 546 $
Toyota Land Cruiser Prado 2020;https://auto.ria.com/newauto/auto-toyota-land-cruiser-prado-1844363.html;55 450 $
Toyota C-HR 2020;https://auto.ria.com/newauto/auto-toyota-c-hr-1852254.html;36 387 $
Toyota Land Cruiser Prado 2020;https://auto.ria.com/newauto/auto-toyota-land-cruiser-prado-1852264.html;65 922 $
Toyota RAV4 2020;https://auto.ria.com/newauto/auto-toyota-rav4-1852259.html;33 310 $
Toyota Hilux 2020;https://auto.ria.com/newauto/auto-toyota-hilux-1850802.html;33 990 $
Toyota RAV4 2020;https://auto.ria.com/newauto/auto-toyota-rav4-1852257.html;27 050 $
Toyota Land Cruiser Prado 2020;https://auto.ria.com/newauto/auto-toyota-land-cruiser-prado-1852262.html;51 266 $
Toyota C-HR 2020;https://auto.ria.com/newauto/auto-toyota-c-hr-1823992.html;30 950 $
Toyota Corolla 2020;https://auto.ria.com/newauto/auto-toyota-corolla-1832533.html;28 631 $
Toyota RAV4 2020;https://auto.ria.com/newauto/auto-toyota-rav4-1846391.html;43 175 $
Toyota RAV4 2020;https://auto.ria.com/newauto/auto-toyota-rav4-1846390.html;43 614 $
Toyota Land Cruiser Prado 2020;https://auto.ria.com/newauto/auto-toyota-land-cruiser-prado-1849667.html;46 992 $
Toyota Camry 2020;https://auto.ria.com/newauto/auto-toyota-camry-1834319.html;40 194 $
Toyota Camry 2020;https://auto.ria.com/newauto/auto-toyota-camry-1834317.html;33 999 $
Toyota C-HR 2020;https://auto.ria.com/newauto/auto-toyota-c-hr-1722741.html;34 564 $
Toyota Land Cruiser Prado 2020;https://auto.ria.com/newauto/auto-toyota-land-cruiser-prado-1852267.html;52 770 $
Toyota Corolla 2020;https://auto.ria.com/newauto/auto-toyota-corolla-1797846.html;19 922 $
Toyota RAV4 2020;https://auto.ria.com/newauto/auto-toyota-rav4-1823950.html;33 434 $
Toyota RAV4 2020;https://auto.ria.com/newauto/auto-toyota-rav4-1849203.html;30 238 $
Toyota RAV4 2020;https://auto.ria.com/newauto/auto-toyota-rav4-1835737.html;38 840 $
Toyota RAV4 2020;https://auto.ria.com/newauto/auto-toyota-rav4-1849205.html;42 211 $
Toyota RAV4 2020;https://auto.ria.com/newauto/auto-toyota-rav4-1849206.html;43 361 $
Toyota Land Cruiser Prado 2020;https://auto.ria.com/newauto/auto-toyota-land-cruiser-prado-1823963.html;46 244 $
Toyota Highlander 2020;https://auto.ria.com/newauto/auto-toyota-highlander-1838326.html;60 350 $
Toyota Land Cruiser Prado 2020;https://auto.ria.com/newauto/auto-toyota-land-cruiser-prado-1835744.html;66 166 $
Toyota RAV4 2020;https://auto.ria.com/newauto/auto-toyota-rav4-1852256.html;24 265 $
Toyota Yaris 2020;https://auto.ria.com/newauto/auto-toyota-yaris-1850564.html;22 464 $
Toyota RAV4 2020;https://auto.ria.com/newauto/auto-toyota-rav4-1837151.html;39 016 $
Toyota C-HR 2020;https://auto.ria.com/newauto/auto-toyota-c-hr-1846387.html;36 522 $
Toyota Camry 2020;https://auto.ria.com/newauto/auto-toyota-camry-1834321.html;42 325 $
Toyota Camry 2020;https://auto.ria.com/newauto/auto-toyota-camry-1836317.html;36 054 $
Toyota Land Cruiser Prado 2020;https://auto.ria.com/newauto/auto-toyota-land-cruiser-prado-1850562.html;59 444 $
Toyota RAV4 2020;https://auto.ria.com/newauto/auto-toyota-rav4-1849204.html;35 908 $
Toyota Land Cruiser 200 2020;https://auto.ria.com/newauto/auto-toyota-land-cruiser-200-1846404.html;64 977 $
Toyota Land Cruiser Prado 2020;https://auto.ria.com/newauto/auto-toyota-land-cruiser-prado-1823964.html;51 456 $
Toyota Land Cruiser Prado 2020;https://auto.ria.com/newauto/auto-toyota-land-cruiser-prado-1850561.html;52 966 $
Toyota RAV4 2020;https://auto.ria.com/newauto/auto-toyota-rav4-1835733.html;35 528 $
Toyota RAV4 2020;https://auto.ria.com/newauto/auto-toyota-rav4-1835739.html;39 094 $
Toyota Land Cruiser 200 2020;https://auto.ria.com/newauto/auto-toyota-land-cruiser-200-1846400.html;87 237 $
Toyota Land Cruiser 200 2020;https://auto.ria.com/newauto/auto-toyota-land-cruiser-200-1849194.html;66 828 $
Toyota RAV4 2020;https://auto.ria.com/newauto/auto-toyota-rav4-1846388.html;40 048 $
Toyota Camry 2020;https://auto.ria.com/newauto/auto-toyota-camry-1823977.html;31 807 $
Toyota Corolla 2020;https://auto.ria.com/newauto/auto-toyota-corolla-1787582.html;23 887 $
Toyota RAV4 2020;https://auto.ria.com/newauto/auto-toyota-rav4-1846389.html;42 036 $
Toyota Camry 2020;https://auto.ria.com/newauto/auto-toyota-camry-1848325.html;42 170 $
Toyota Yaris 2020;https://auto.ria.com/newauto/auto-toyota-yaris-1850798.html;22 382 $
Toyota Hilux 2020;https://auto.ria.com/newauto/auto-toyota-hilux-1846407.html;38 743 $
Toyota Highlander 2020;https://auto.ria.com/newauto/auto-toyota-highlander-1838324.html;49 780 $
Toyota Hilux 2020;https://auto.ria.com/newauto/auto-toyota-hilux-1846406.html;40 506 $
Toyota Camry 2020;https://auto.ria.com/newauto/auto-toyota-camry-1823976.html;29 089 $
Toyota Corolla 2020;https://auto.ria.com/newauto/auto-toyota-corolla-1797844.html;20 126 $
Toyota RAV4 2020;https://auto.ria.com/newauto/auto-toyota-rav4-1849671.html;24 265 $
Toyota Yaris 2020;https://auto.ria.com/newauto/auto-toyota-yaris-1850799.html;24 201 $
Toyota Land Cruiser Prado 2020;https://auto.ria.com/newauto/auto-toyota-land-cruiser-prado-1852265.html;44 744 $
Toyota Land Cruiser Prado 2020;https://auto.ria.com/newauto/auto-toyota-land-cruiser-prado-1850801.html;46 073 $
Toyota RAV4 2020;https://auto.ria.com/newauto/auto-toyota-rav4-1849156.html;26 320 $
Toyota RAV4 2020;https://auto.ria.com/newauto/auto-toyota-rav4-1823947.html;24 265 $
Toyota Camry 2020;https://auto.ria.com/newauto/auto-toyota-camry-1834320.html;38 957 $
Toyota Land Cruiser Prado 2020;https://auto.ria.com/newauto/auto-toyota-land-cruiser-prado-1849152.html;52 223 $
Toyota Camry 2020;https://auto.ria.com/newauto/auto-toyota-camry-1849463.html;42 479 $
Toyota Camry 2020;https://auto.ria.com/newauto/auto-toyota-camry-1844884.html;39 441 $
Toyota Land Cruiser 200 2020;https://auto.ria.com/newauto/auto-toyota-land-cruiser-200-1840070.html;65 075 $
Toyota RAV4 2020;https://auto.ria.com/newauto/auto-toyota-rav4-1835736.html;33 804 $
Toyota Land Cruiser Prado 2020;https://auto.ria.com/newauto/auto-toyota-land-cruiser-prado-1849668.html;52 222 $
Toyota Land Cruiser 200 2020;https://auto.ria.com/newauto/auto-toyota-land-cruiser-200-1844791.html;85 807 $
Toyota Land Cruiser 200 2020;https://auto.ria.com/newauto/auto-toyota-land-cruiser-200-1833562.html;65 022 $
Toyota RAV4 2020;https://auto.ria.com/newauto/auto-toyota-rav4-1844032.html;43 516 $
Toyota Camry 2020;https://auto.ria.com/newauto/auto-toyota-camry-1840795.html;48 900 $
Toyota RAV4 2020;https://auto.ria.com/newauto/auto-toyota-rav4-1851011.html;34 252 $
Toyota RAV4 2020;https://auto.ria.com/newauto/auto-toyota-rav4-1851009.html;24 265 $
Toyota RAV4 2020;https://auto.ria.com/newauto/auto-toyota-rav4-1845848.html;26 714 $
Toyota Land Cruiser Prado 2019;https://auto.ria.com/newauto/auto-toyota-land-cruiser-prado-1847717.html;47 158 $
Toyota Land Cruiser Prado 2020;https://auto.ria.com/newauto/auto-toyota-land-cruiser-prado-1850593.html;52 663 $
Toyota Land Cruiser 200 2020;https://auto.ria.com/newauto/auto-toyota-land-cruiser-200-1840745.html;85 700 $
Toyota RAV4 2020;https://auto.ria.com/newauto/auto-toyota-rav4-1844796.html;41 883 $
Toyota RAV4 2020;https://auto.ria.com/newauto/auto-toyota-rav4-1850590.html;41 883 $
Toyota C-HR 2020;https://auto.ria.com/newauto/auto-toyota-c-hr-1844811.html;29 360 $
Toyota Highlander 2020;https://auto.ria.com/newauto/auto-toyota-highlander-1840753.html;58 324 $
Toyota RAV4 2020;https://auto.ria.com/newauto/auto-toyota-rav4-1851015.html;42 055 $
Toyota Land Cruiser 200 2020;https://auto.ria.com/newauto/auto-toyota-land-cruiser-200-1851730.html;66 772 $
Toyota Highlander 2020;https://auto.ria.com/newauto/auto-toyota-highlander-1851333.html;50 355 $
Toyota Hilux 2020;https://auto.ria.com/newauto/auto-toyota-hilux-1852449.html;39 535 $
Toyota Yaris 2020;https://auto.ria.com/newauto/auto-toyota-yaris-1852445.html;23 791 $
Toyota RAV4 2020;https://auto.ria.com/newauto/auto-toyota-rav4-1852448.html;32 971 $
Toyota Corolla 2020;https://auto.ria.com/newauto/auto-toyota-corolla-1851340.html;19 995 $
Toyota Land Cruiser Prado 2020;https://auto.ria.com/newauto/auto-toyota-land-cruiser-prado-1851270.html;52 663 $
Toyota Camry 2020;https://auto.ria.com/newauto/auto-toyota-camry-1847105.html;29 196 $
Toyota Yaris 2020;https://auto.ria.com/newauto/auto-toyota-yaris-1851314.html;22 992 $
Toyota Land Cruiser Prado 2020;https://auto.ria.com/newauto/auto-toyota-land-cruiser-prado-1852060.html;52 562 $
Toyota Highlander 2020;https://auto.ria.com/newauto/auto-toyota-highlander-1850020.html;48 465 $
Toyota RAV4 2020;https://auto.ria.com/newauto/auto-toyota-rav4-1851343.html;37 375 $
Toyota Land Cruiser Prado 2020;https://auto.ria.com/newauto/auto-toyota-land-cruiser-prado-1851334.html;53 738 $
Toyota Highlander 2020;https://auto.ria.com/newauto/auto-toyota-highlander-1851335.html;60 671 $
Toyota RAV4 2020;https://auto.ria.com/newauto/auto-toyota-rav4-1851331.html;44 760 $
Toyota Proace 2019;https://auto.ria.com/newauto/auto-toyota-proace-1851135.html;28 542 $
Toyota Land Cruiser 200 2020;https://auto.ria.com/newauto/auto-toyota-land-cruiser-200-1840455.html;87 559 $
Toyota C-HR 2020;https://auto.ria.com/newauto/auto-toyota-c-hr-1842669.html;31 896 $
Toyota RAV4 2020;https://auto.ria.com/newauto/auto-toyota-rav4-1850591.html;35 068 $
Toyota RAV4 2020;https://auto.ria.com/newauto/auto-toyota-rav4-1851315.html;30 927 $
